song_title,artist,country,language,fundamental_freq,freq_e_1,freq_e_2,freq_e_3,key,duration,zero_crossing_rate,mfcc_mean,mfcc_std,tempo,rms_energy,track_type
"A Great Big World, Christina Aguilera - Say Something (Lyrics)",A Great Big World; Christina Aguilera,United States,English,102.6657755,18569340,17531184,16893090,D,225.19875,0.033228449,-6.367716312,95.22106934,130.8139535,0.103258796,0
"A Great Big World, Christina Aguilera - Say Something (Lyrics)",A Great Big World; Christina Aguilera,United States,English,749.6431817,4846620,4504971.5,3641213.25,D,225.1987528,0.379399364,-32.65682983,121.4949493,132.5120192,0.047065798,1
"A Great Big World, Christina Aguilera - Say Something (Lyrics)",A Great Big World; Christina Aguilera,United States,English,104.2603473,14100830,12449699,9177287,D,225.1987528,0.021935125,-8.873971939,110.5889282,46.98153409,0.069149934,2
a-ha - Take On Me (Official Video) [4K],A-ha,Norway,English,102.7638821,97013968,73968256,63739772,A,243.968,0.070802212,3.062423229,60.01337433,170.4545455,0.179715678,0
a-ha - Take On Me (Official Video) [4K],A-ha,Norway,English,434.3063827,8508624,8336654,6917755,E,243.9680045,0.255576756,-28.0939312,108.9684753,112.3471467,0.067863323,1
a-ha - Take On Me (Official Video) [4K],aA-ha,Norway,English,102.6079537,52174488,32224478,28350880,A,243.9680045,0.081171495,-0.176267818,68.10540009,84.72079918,0.107952304,2
ABBA - Dancing Queen (Official Music Video),ABBA,Sweden,English,109.1556401,55285500,44980456,43241916,A,232.8497083,0.075146216,5.443235874,55.68019867,100.4464286,0.234719858,0
ABBA - Dancing Queen (Official Music Video),ABBA,Sweden,English,264.2407789,10272445,9202791,9102192,G#,232.8497279,0.119206916,-23.87531662,84.79477692,126.0480183,0.10926047,1
ABBA - Dancing Queen (Official Music Video),ABBA,Sweden,English,118.3968711,34131268,25981586,25311774,A,232.8497279,0.081746076,3.052110434,61.58790207,101.3327206,0.143506721,2
Adele - Someone Like You (Official Music Video),Adele,United Kingdom,English,134.3117156,38274932,32817008,32194984,A,284.928,0.042101312,-4.848369598,79.0499649,137.195122,0.154147983,0
Adele - Someone Like You (Official Music Video),Adele,United Kingdom,English,295.5873229,33829804,26102660,25788164,A,284.9280045,0.146637234,-25.25727081,88.59946442,139.6748311,0.130789995,1
Adele - Someone Like You (Official Music Video),Adele,United Kingdom,English,99.53234082,6101676,5849544.5,5739677.5,A,284.9280045,0.027369057,-8.538582802,109.8578796,135.9991776,0.060794979,2
Adele - Rolling in the Deep (Official Music Video),Adele,United Kingdom,English,168.2065396,26670332,19417566,12517798,G,233.883,0.047527244,-2.120378017,81.39253998,104.1666667,0.089349382,0
Adele - Rolling in the Deep (Official Music Video),Adele,United Kingdom,English,261.3754979,3362184.5,3094562.5,3052866.5,C,233.8830159,0.103625492,-32.11122131,98.76811218,105.46875,0.049002111,1
Adele - Rolling in the Deep (Official Music Video),Adele,United Kingdom,English,149.5746841,26131848,12431375,11860072,G,233.8830159,0.030900016,-3.339122772,99.88527679,105.46875,0.066460639,2
Ailee(에일리) _ Heaven MV,Ailee(에일리) _ Heaven MV,South Korea,Korean,177.1662852,81978264,62394268,42369072,G,223.2714792,0.071283534,-0.393322259,64.94886017,90.72580645,0.21860899,0
Ailee(에일리) _ Heaven MV,Ailee(에일리) _ Heaven MV,South Korea,Korean,283.75079,23556440,17718390,11150700,B,223.2714966,0.137346798,-27.07530975,76.47376251,117.4538352,0.127870023,1
Ailee(에일리) _ Heaven MV,Ailee(에일리) _ Heaven MV,South Korea,Korean,125.6016224,44988948,25695982,24390502,G,223.2714966,0.042314018,-3.954867125,85.31636047,90.66611842,0.103413433,2
Alphaville - Forever Young (Official Video HD),Alphaville,Germany,English,101.3022735,6725902.5,6190340.5,5919845,G,221.1004082,0.043899779,-3.444163322,84.0800705,68.90625,0.099286728,0
Alphaville - Forever Young (Official Video HD),Alphaville,Germany,English,301.5416748,2519689.25,1667251,1635442,G,221.1004082,0.18837201,-35.87515259,126.2190323,139.6748311,0.036720056,1
Alphaville - Forever Young (Official Video HD),Alphaville,Germany,English,85.97686821,6667028.5,6126950,4495667.5,G,221.1004082,0.039501017,-4.370069504,93.13492584,68.90625,0.078877151,2
忘情水 (Love Forget Water) -  劉德華 (Andy Lau) - English lyrics,刘德华,China,Chinese,95.6988713,4236210.5,3551951.25,3177494.25,C,258.03175,0.048522048,-6.272075176,93.23401642,137.195122,0.051102541,0
忘情水 (Love Forget Water) -  劉德華 (Andy Lau) - English lyrics,刘德华,China,Chinese,211.5893016,1927462.25,1758974,1389981.25,F,258.0317687,0.165051453,-28.6472187,130.6462555,135.9991776,0.026683729,1
忘情水 (Love Forget Water) -  劉德華 (Andy Lau) - English lyrics,忘情水 (L刘德华ove Forget Water),China,Chinese,91.71669522,2701897.75,1809408.125,1261783.875,C,258.0317687,0.037709456,-9.125720978,106.0834656,67.99958882,0.033941276,2
Anne-Marie - 2002 [Official Video],Anne-Marie,United Kingdom,English,212.5906403,345031904,205776368,173367152,E,194.3742404,0.078439147,3.00879097,59.8742218,129.1992188,0.296345681,0
Anne-Marie - 2002 [Official Video],Anne-Marie,United Kingdom,English,322.8635951,10391630,9938528,7512426,G#,194.3742404,0.153791358,-22.2914505,80.90528107,129.1992188,0.111684062,1
Anne-Marie - 2002 [Official Video],Anne-Marie,United Kingdom,English,285.3156194,262255616,156414384,131540416,E,194.3742404,0.045327303,-1.338029385,87.23508453,129.1992188,0.199960902,2
【Sasi】MayDay B -OTOMEKAN-「Cover」,Mayday,Taiwan,Chinese,155.9452829,76174192,43619684,31081392,D#,329.0499792,0.050908429,-16.98914337,105.1437378,92.21311475,0.103757396,0
【Sasi】MayDay B -OTOMEKAN-「Cover」,Mayday,Taiwan,Chinese,248.7503926,8708729,7261206,6429421.5,E,329.05,0.109646886,-34.5595665,123.9168854,135.9991776,0.052189071,1
【Sasi】MayDay B -OTOMEKAN-「Cover」,Mayday,Taiwan,Chinese,332.2651992,59495520,53999544,19219044,D#,329.05,0.062261501,-17.71195412,107.5979233,92.28515625,0.074395835,2
杨宗纬张碧晨现场版《凉凉》 带我们走进十里桃花林  -《歌手2017》第13期 单曲The Singer【我是歌手官方频道】,杨宗纬,China,Chinese,115.9021368,2126529.5,1983331,1802839.75,E,363.0091667,0.048685843,-12.7964716,106.0490494,89.28571429,0.03318825,0
杨宗纬张碧晨现场版《凉凉》 带我们走进十里桃花林  -《歌手2017》第13期 单曲The Singer【我是歌手官方频道】,杨宗纬,China,Chinese,295.0460924,777762.6875,764210.1875,702600.6875,E,363.0091837,0.144016187,-36.25373077,133.8628387,161.4990234,0.019368507,1
杨宗纬张碧晨现场版《凉凉》 带我们走进十里桃花林  -《歌手2017》第13期 单曲The Singer【我是歌手官方频道】,杨宗纬,China,Chinese,119.1928522,1432261.625,1353151.875,1093192.625,E,363.0091837,0.046455054,-15.45287895,122.1097107,90.66611842,0.021167535,2
Avicii - The Nights,Avicii,Sweden,English,104.8642272,108055352,97172448,42949940,F#,190.6242292,0.077982248,4.498671055,54.70059586,125,0.242020622,0
Avicii - The Nights,Avicii,Sweden,English,264.4375255,7628955,5849825,5320009,G#,190.6242404,0.10956725,-19.9679451,86.9276123,126.0480183,0.093742006,1
Avicii - The Nights,Avicii,Sweden,English,113.9101077,76034576,52148124,36849048,C#,190.6242404,0.077727684,0.239153266,69.75262451,126.0480183,0.153434798,2
Big Bang - Day By Day (Areia Remix),Big Bang,South Korea,Korean,124.7869895,119294456,67415160,59629688,A#,253.1207256,0.069482402,-0.474105656,59.01647568,129.1992188,0.204513997,0
Big Bang - Day By Day (Areia Remix),Big Bang,South Korea,Korean,161.2567981,17696568,17201578,13459877,F#,253.1207256,0.099413731,-16.42405319,73.7092514,129.1992188,0.12716572,1
Big Bang - Day By Day (Areia Remix),Big Bang,South Korea,Korean,102.2696442,99512168,55953824,49689928,A#,253.1207256,0.05785845,-4.901799202,78.68064117,129.1992188,0.116009019,2
BIGBANG - BLUE M_V,BIGBANG,South Korea,Korean,103.3933828,264216336,236101376,86725440,G,242.048,0.042039847,3.905833721,67.88312531,125,0.22791177,0
BIGBANG - BLUE M_V,BIGBANG,South Korea,Korean,232.8821676,21709698,18173604,17886648,G,242.0480045,0.138904692,-16.44720268,84.22272491,126.0480183,0.109623507,1
BIGBANG - BLUE M_V,BIGBANG,South Korea,Korean,113.6232214,237725328,200391200,100618944,G,242.0480045,0.030649608,0.92045337,83.09378815,126.0480183,0.18006359,2
Birdy - Skinny Love (Official Music Video),Birdy,United Kingdom,English,123.8132806,46153428,29439438,28913074,E,213.6816458,0.031304476,-11.13835239,98.15251923,160.7142857,0.130731076,0
Birdy - Skinny Love (Official Music Video),Birdy,United Kingdom,English,469.8557444,7202602,6640853,5096665,E,213.6816327,0.25321378,-34.88777924,112.3304443,139.6748311,0.053079005,1
Birdy - Skinny Love (Official Music Video),Birdy,United Kingdom,English,131.3896121,35824416,24696310,18265242,E,213.6816327,0.026341853,-12.76834583,114.762146,84.72079918,0.103965536,2
Skinny Love,Birdy,United Kingdom,English,118.2664676,10088390,7121765.5,6737252,C,238.52,0.037472802,-9.729688644,92.90827179,76.01351351,0.066699617,0
Skinny Love,Birdy,United Kingdom,English,685.9870513,3007733.25,2893106,2874137.75,C,238.52,0.314365023,-33.04333496,119.1096268,97.50884434,0.03276157,1
Skinny Love,Birdy,United Kingdom,English,92.04232796,8126875.5,5329271.5,4849948.5,C,238.52,0.026909181,-11.51395226,103.7323532,75.99954044,0.046089828,2
Bruno Mars - Just The Way You Are (Official Music Video),Bruno Mars,United States,English,204.9510697,212390080,195502352,100591848,F,236.7390625,0.062419811,2.156940222,64.24077606,108.1730769,0.219264477,0
Bruno Mars - Just The Way You Are (Official Music Video),Bruno Mars,United States,English,234.3851424,18145810,13777264,13026098,A,236.7390703,0.106752595,-24.11170387,85.22788239,109.9567819,0.100073718,1
Bruno Mars - Just The Way You Are (Official Music Video),Bruno Mars,United States,English,279.3843679,146951968,113067704,88376944,F,236.7390703,0.047860326,-0.937716782,78.40389252,109.9567819,0.14894554,2
Bruno Mars - Talking To The Moon (Official Lyric Video),Bruno Mars,United States,English,129.4580587,37749060,32659040,32249084,E,214.528,0.042189049,-1.245165467,70.93444061,144.2307692,0.187960699,0
Bruno Mars - Talking To The Moon (Official Lyric Video),Bruno Mars,United States,English,235.9537693,26720330,25368674,18333116,G#,214.5280045,0.098498785,-25.46799278,79.74142456,147.65625,0.136722088,1
Bruno Mars - Talking To The Moon (Official Lyric Video),Bruno Mars,United States,English,103.3510034,13686713,12157108,10021055,B,214.5280045,0.022851208,-5.078202724,108.1627426,72.78829225,0.09055198,2
Bryan Adams - Heaven,Bryan Adams,Canada,English,107.8727359,62995840,50580540,49930244,G,250.88,0.051644072,6.226680279,63.68954086,70.3125,0.193639621,0
Bryan Adams - Heaven,Bryan Adams,Canada,English,300.3645918,12913359,11779766,7172707.5,D,250.88,0.163080244,-25.75508308,101.7489471,139.6748311,0.07452704,1
Bryan Adams - Heaven,Bryan Adams,Canada,English,105.4248208,43928784,41216528,33734820,G,250.88,0.056657684,4.177017212,73.98229218,69.83741554,0.145375058,2
Calum Scott - Dancing On My Own (Lyrics),Calum Scott,United Kingdom,English,113.209294,28156352,18362394,18134920,C#,255.8955208,0.044893442,-3.37571907,84.6335907,112.5,0.127122059,0
Calum Scott - Dancing On My Own (Lyrics),Calum Scott,United Kingdom,English,396.6878818,15730660,13383997,11002630,C#,255.8955329,0.198049795,-27.31430435,100.7022858,112.3471467,0.080361851,1
Calum Scott - Dancing On My Own (Lyrics),Calum Scott,United Kingdom,English,82.02481422,13129350,12577369,7985713,C#,255.8955329,0.019552738,-6.836506367,119.9358902,112.3471467,0.057977948,2
Carly Rae Jepsen - Call Me Maybe,Carly Rae Jepsen,Canada,English,130.1107303,51630012,34155952,15677938,G,199.401375,0.072144221,-5.325562477,79.96237946,119.6808511,0.09966933,0
Carly Rae Jepsen - Call Me Maybe,Carly Rae Jepsen,Canada,English,335.2955026,787242.9375,737350.25,671830.375,G,199.4013832,0.188380305,-33.36929703,116.295372,120.1853198,0.035536055,1
Carly Rae Jepsen - Call Me Maybe,Carly Rae Jepsen,Canada,English,106.3419366,41146908,36455648,14989611,G,199.4013832,0.07895891,-7.146102428,92.3646698,120.1853198,0.083527371,2
Céline Dion - My Heart Will Go On (Official 25th Anniversary Alternate Music Video),Céline Dion,Canada,English,166.9377574,16208427,15544255,8901321,B,280.5086667,0.038893408,-4.181367397,87.44432068,98.68421053,0.094606638,0
Céline Dion - My Heart Will Go On (Official 25th Anniversary Alternate Music Video),Céline Dion,Canada,English,261.878714,7755856,6272718,5467191,E,280.5086848,0.122849012,-31.17762566,105.7135696,112.3471467,0.065425709,1
Céline Dion - My Heart Will Go On (Official 25th Anniversary Alternate Music Video),Céline Dion,Canada,English,120.7949751,14844515,12598554,7881118,B,280.5086848,0.029457897,-5.907389641,103.6963196,99.38401442,0.053418618,2
Punch - Stay With Me (feat. EXO Chanyeol) [Yu Huiyeol's Sketchbook_2018.03.14],Punch,South Korea,Korean,134.9610988,3561272,2380879.25,1410720.625,D#,196.3014966,0.044439369,-7.015113354,90.88926697,83.35433468,0.043505561,0
Punch - Stay With Me (feat. EXO Chanyeol) [Yu Huiyeol's Sketchbook_2018.03.14],Punch,South Korea,Korean,211.162571,332834.625,330347.1563,278356.6563,A#,196.3014966,0.085451327,-29.64883041,120.3246002,126.0480183,0.020855913,1
Punch - Stay With Me (feat. EXO Chanyeol) [Yu Huiyeol's Sketchbook_2018.03.14],Punch,South Korea,Korean,104.3499161,3513509.25,2308377.25,1373236.875,C,196.3014966,0.037322718,-9.407295227,112.7669373,83.35433468,0.032362461,2
陳綺貞 Cheer Chen x 貓王收音機【旅行的意義 Travel is Meaningful】單曲發行15週年特別計劃,陳綺貞,China,Chinese,125.8012625,87933608,73884544,66062452,A,314.624,0.048517563,1.908122063,66.19485474,137.195122,0.204348296,0
陳綺貞 Cheer Chen x 貓王收音機【旅行的意義 Travel is Meaningful】單曲發行15週年特別計劃,陳綺貞,China,Chinese,372.7861708,44691512,42478508,30152386,F#,314.6240136,0.196765164,-25.50891495,97.09095764,161.4990234,0.103865385,1
陳綺貞 Cheer Chen x 貓王收音機【旅行的意義 Travel is Meaningful】單曲發行15週年特別計劃,陳綺貞,China,Chinese,99.17925607,36694396,27402950,25063774,A,314.6240136,0.045701828,-1.632983804,83.73526764,139.6748311,0.103246905,2
Christina Aguilera - Reflection (From _Mulan_ 2020) (Music Video),Christina Aguilera,United States,English,197.176995,52655228,49359824,27228116,F#,267.6564375,0.047272622,-4.891000748,85.00901794,93.75,0.127142027,0
Christina Aguilera - Reflection (From _Mulan_ 2020) (Music Video),Christina Aguilera,United States,English,407.3713365,19311980,9341323,8897891,A,267.6564399,0.190596641,-30.62356186,101.1186905,109.9567819,0.081689768,1
Christina Aguilera - Reflection (From _Mulan_ 2020) (Music Video),Christina Aguilera,United States,English,251.2929723,45753484,41322440,27660648,C,267.6564399,0.047811746,-7.037667274,98.90713501,95.703125,0.078470908,2
Christina Perri - A Thousand Years [Official Music Video],Christina Perri,United States,English,102.2261983,30443028,26666988,16778676,A#,287.788125,0.041446158,-0.319129229,79.02104187,140.625,0.107110366,0
Christina Perri - A Thousand Years [Official Music Video],Christina Perri,United States,English,457.9743471,5587616,4549034.5,4238914,A#,287.7881406,0.236355583,-29.35837555,115.092041,139.6748311,0.04467259,1
Christina Perri - A Thousand Years [Official Music Video],Christina Perri,United States,English,109.9119442,26768090,23228556,14847246,A#,287.7881406,0.041498568,-2.089666128,89.64694214,139.6748311,0.085593432,2
@coldplay - The Scientist (Lyrics),Coldplay,United Kingdom,English,101.1903794,93602512,77764920,57744508,F,307.5134792,0.036637234,1.884929538,73.84449005,73.05194805,0.19625096,0
@coldplay - The Scientist (Lyrics),Coldplay,United Kingdom,English,286.1545648,25145818,22045266,16498293,A,307.5134921,0.205211385,-25.85679817,109.2802124,139.6748311,0.07889127,1
@coldplay - The Scientist (Lyrics),Coldplay,United Kingdom,English,84.07037713,60998500,52620056,23191418,F,307.5134921,0.02940724,-0.975917041,85.43503571,72.78829225,0.132215083,2
[도깨비 OST Part 4] 크러쉬 (Crush) - Beautiful MV (ENG Sub),크러쉬 (Crush),South Korea,Korean,115.5278982,102250832,89264960,83837416,F,227.602,0.032199972,3.794714451,70.61695862,108.1730769,0.247304931,0
[도깨비 OST Part 4] 크러쉬 (Crush) - Beautiful MV (ENG Sub),크러쉬 (Crush),South Korea,Korean,245.6401738,56013456,45843028,44158332,C,227.6020181,0.112359655,-18.58298111,82.08730316,206.71875,0.142144233,1
[도깨비 OST Part 4] 크러쉬 (Crush) - Beautiful MV (ENG Sub),크러쉬 (Crush),South Korea,Korean,100.7638785,31495908,28580260,21871376,F,227.6020181,0.021838812,-2.151723146,100.6210938,54.97839096,0.112287089,2
王心凌 Cyndi Wang –〈愛你 Love You〉(feat. Jessica) Official Live Music Video,王心凌 Cyndi Wang,China,Chinese,177.0448346,142132880,102592608,101980520,F,214.761375,0.061592554,6.979189873,52.28639984,100.4464286,0.237727508,0
王心凌 Cyndi Wang –〈愛你 Love You〉(feat. Jessica) Official Live Music Video,王心凌 Cyndi Wang,China,Chinese,228.1926558,30582108,18779342,17295692,F,214.7613832,0.101138438,-20.32115364,79.27185059,99.38401442,0.125862345,1
王心凌 Cyndi Wang –〈愛你 Love You〉(feat. Jessica) Official Live Music Video,王心凌 Cyndi Wang,China,Chinese,86.24978165,100366448,79847416,58585976,C,214.7613832,0.050901743,4.484035969,63.62122726,99.38401442,0.155608922,2
Eagles - Hotel California (Official Audio),Eagles,United States,English,91.66873943,33269704,32587728,26163970,F#,391.3375208,0.063467512,-1.561283946,74.01276398,148.0263158,0.095437631,0
Eagles - Hotel California (Official Audio),Eagles,United States,English,438.8622682,1437675.5,1362988.25,1339260.5,F#,391.3375283,0.356151819,-40.03807449,144.5832977,147.65625,0.02007002,1
Eagles - Hotel California (Official Audio),Eagles,United States,English,92.8128924,25069592,23759814,20856812,F#,391.3375283,0.063505823,-2.781685352,78.89537048,147.65625,0.079745993,2
紅玫瑰 (國),Eason Chan,China,Chinese,100.5845182,79787240,66265864,58059936,E,239.9733333,0.035957406,2.217150211,75.08137512,127.8409091,0.225975573,0
紅玫瑰 (國),Eason Chan,China,Chinese,324.0339439,39807860,28648436,21405388,C,239.9733333,0.180226216,-20.25470924,104.0682983,126.0480183,0.111251459,1
紅玫瑰 (國),Eason Chan,China,Chinese,110.3881912,42867996,34487048,24373430,E,239.9733333,0.034395882,-1.990239263,87.46678162,129.1992188,0.128989115,2
Ed Sheeran - Shivers [Official Video],Ed Sheeran,United Kingdom,English,110.1166583,240236880,168794384,127834984,D,237.7839583,0.08841325,2.850624561,57.91230392,140.625,0.282138079,0
Ed Sheeran - Shivers [Official Video],Ed Sheeran,United Kingdom,English,239.2330039,16572577,16231702,15406525,D,237.7839456,0.182974733,-18.39723587,81.09719086,139.6748311,0.123888172,1
Ed Sheeran - Shivers [Official Video],Ed Sheeran,United Kingdom,English,125.6563091,114721904,71580704,61041844,A,237.7839456,0.084419995,-3.060329914,78.91242218,93.96306818,0.139463007,2
Ed Sheeran - The A Team [Official Music Video],Ed Sheeran,United Kingdom,English,178.0987482,156162416,131789920,116653832,A,289.5644583,0.04676503,3.523420572,74.03629303,85.22727273,0.234789699,0
Ed Sheeran - The A Team [Official Music Video],Ed Sheeran,United Kingdom,English,416.4954984,22362598,15747709,15094359,C#,289.5644444,0.174224964,-22.71946907,95.21860504,114.84375,0.083517082,1
Ed Sheeran - The A Team [Official Music Video],Ed Sheeran,United Kingdom,English,171.0062189,89820344,87646360,84596088,A,289.5644444,0.02830009,-0.623064399,98.76158905,84.72079918,0.166848883,2
Ellie Goulding - Love Me Like You Do (Official Audio),Ellie Goulding,United Kingdom,English,130.8621729,115630392,66466308,57811416,A#,253.4458125,0.047604,0.206665099,73.81877899,95.33898305,0.170468614,0
Ellie Goulding - Love Me Like You Do (Official Audio),Ellie Goulding,United Kingdom,English,295.5416392,23331822,14933648,8849902,A#,253.4458277,0.119220317,-25.11711502,90.36306763,184.5703125,0.091005765,1
Ellie Goulding - Love Me Like You Do (Official Audio),Ellie Goulding,United Kingdom,English,111.4539511,100193008,61061348,38536204,F,253.4458277,0.035368843,-1.64183259,85.89949799,95.703125,0.11887534,2
F.I.R. - Crescent Moon Bay (Audio),F.I.R.,Taiwan,Chinese,146.061746,127965576,83009152,73643592,A,300.5707083,0.058248285,5.683997631,58.27793503,86.53846154,0.21286571,0
F.I.R. - Crescent Moon Bay (Audio),F.I.R.,Taiwan,Chinese,285.5800986,19069744,17772558,15053034,A,300.5707256,0.182208702,-25.51955032,88.37701416,172.265625,0.105716027,1
F.I.R. - Crescent Moon Bay (Audio),F.I.R.,Taiwan,Chinese,116.6184171,84732040,64207580,39167760,A,300.5707256,0.053595798,3.014496803,72.66854095,87.59269068,0.13849473,2
Gloria Gaynor - I Will Survive,Gloria Gaynor,United States,English,123.9602663,11281285,9133233,6547288,E,194.3626458,0.085300392,-2.895443916,75.69429016,114.7959184,0.069176972,0
Gloria Gaynor - I Will Survive,Gloria Gaynor,United States,English,277.1938356,1309118.375,1168995.125,1079817.625,E,194.3626531,0.15909823,-35.90291977,122.0018463,114.84375,0.034566402,1
Gloria Gaynor - I Will Survive,Gloria Gaynor,United States,English,92.03105042,9719601,7441271.5,6737800.5,E,194.3626531,0.090671367,-4.105121136,83.25518036,114.84375,0.050567117,2
[MV] Gummy(거미) - You Are My Everything l Descendants of the Sun 태양의 후예 OST,Gummy(거미),South Korea,Korean,128.8673638,72256560,59987064,42155876,C#,250.9264583,0.042750876,-0.534343541,76.16728973,67.77108434,0.182322085,0
[MV] Gummy(거미) - You Are My Everything l Descendants of the Sun 태양의 후예 OST,Gummy(거미),South Korea,Korean,308.1658789,13371555,11831133,9488045,F#,250.9264626,0.151594769,-27.58062172,91.88201141,151.9990809,0.093900084,1
[MV] Gummy(거미) - You Are My Everything l Descendants of the Sun 태양의 후예 OST,Gummy(거미),South Korea,Korean,103.2260485,38030708,23929696,21012148,C#,250.9264626,0.035119743,-4.919230461,99.39930725,67.99958882,0.096135043,2
Harry Styles - Watermelon Sugar (Official Video),Harry Styles,United Kingdom,English,106.9477607,85879576,65406776,50024028,D,188.8246875,0.058130099,1.944868565,61.90255356,95.33898305,0.231487349,0
Harry Styles - Watermelon Sugar (Official Video),Harry Styles,United Kingdom,English,280.6882728,24718076,15553877,15477851,D,188.8246939,0.17013511,-20.93928528,85.26281738,97.50884434,0.124484412,1
Harry Styles - Watermelon Sugar (Official Video),Harry Styles,United Kingdom,English,100.7724962,51279668,43501880,31366896,C,188.8246939,0.089170753,-2.266907692,80.44729614,95.703125,0.122735173,2
田馥甄 Hebe Tien [小幸运] Lyrics Chinese _ Pinyin _ English （Simplified mandarin version),田馥甄,China,Chinese,132.5288806,29841210,27516166,27396486,C,270.3499375,0.052739981,-3.776730061,78.60205078,156.25,0.13005729,0
田馥甄 Hebe Tien [小幸运] Lyrics Chinese _ Pinyin _ English （Simplified mandarin version),田馥甄,China,Chinese,315.5137922,17636798,16726338,12394661,F,270.3499546,0.155012114,-28.71667862,96.47901154,156.6051136,0.080388278,1
田馥甄 Hebe Tien [小幸运] Lyrics Chinese _ Pinyin _ English （Simplified mandarin version),田馥甄,China,Chinese,108.7033578,26238958,23388800,16358941,C,270.3499546,0.038149932,-5.973989964,95.13625336,79.50721154,0.084656522,2
[IU] 'Love poem' Live Clip,IU,South Korea,Korean,108.5044899,90536312,89695504,83608016,F#,304.0213333,0.042401067,-0.167151198,78.97525024,125,0.222738028,0
[IU] 'Love poem' Live Clip,IU,South Korea,Korean,468.8241031,23943288,23148550,20250404,B,304.0213379,0.189656776,-24.80890083,95.66078949,117.4538352,0.102125898,1
[IU] 'Love poem' Live Clip,IU,South Korea,Korean,96.87719249,44228084,38358368,35538904,F#,304.0213379,0.025795615,-4.695726395,101.2539444,123.046875,0.107039988,2
[MV] IU(아이유) _ Ending Scene(이런 엔딩),IU(아이유) _ Ending Scene(이런 엔딩),South Korea,Korean,136.1683911,24723896,20361408,19568486,F,249.2662132,0.044487809,-4.587863445,76.69526672,129.1992188,0.160858274,0
[MV] IU(아이유) _ Ending Scene(이런 엔딩),IU(아이유) _ Ending Scene(이런 엔딩),South Korea,Korean,431.5529556,14158886,12844459,12613789,G,249.2662132,0.189241652,-29.61418343,94.04283905,129.1992188,0.098888725,1
[MV] IU(아이유) _ Ending Scene(이런 엔딩),IU(아이유) _ Ending Scene(이런 엔딩),South Korea,Korean,100.0198155,13303037,12933904,10214521,F,249.2662132,0.027124773,-7.438363552,105.8273621,60.09265988,0.090887249,2
IU (아이유) - 'Good Day (좋은 날)' Lyrics [Han_Rom_Eng_가사],IU (아이유),South Korea,Korean,144.7079613,97766200,94839720,67843928,E,239.9898542,0.059602083,3.562957287,64.45214844,127.8409091,0.242918819,0
IU (아이유) - 'Good Day (좋은 날)' Lyrics [Han_Rom_Eng_가사],IU (아이유),South Korea,Korean,304.4869096,14444344,10162899,8190670.5,A,239.9898413,0.183396472,-26.91883469,89.73058319,126.0480183,0.105481245,1
IU (아이유) - 'Good Day (좋은 날)' Lyrics [Han_Rom_Eng_가사],IU (아이유),South Korea,Korean,179.7554902,63274256,53525208,49171424,E,239.9898413,0.048709999,1.11283493,75.05059052,129.1992188,0.151569456,2
IU - 'My Sea' Lyrics Color Coded (Han_Rom_Eng),IU,South Korea,Korean,143.1880025,53602172,45073120,38017192,E,337.0144375,0.04674766,-2.617194653,80.60900879,133.9285714,0.132378384,0
IU - 'My Sea' Lyrics Color Coded (Han_Rom_Eng),IU,South Korea,Korean,298.3862497,13827629,9367523,7533899,B,337.0144444,0.1412703,-27.52556229,95.10928345,132.5120192,0.076445147,1
IU - 'My Sea' Lyrics Color Coded (Han_Rom_Eng),IU,South Korea,Korean,140.0614922,43806024,43111328,34580836,E,337.0144444,0.023314122,-5.619101524,104.9129639,135.9991776,0.089071013,2
Idina Menzel - Let It Go (from Frozen) (Official Video),Idina Menzel,United States,English,147.1969055,3490219.75,2668409.75,1765163.625,G#,225.187125,0.044941811,-11.2130909,99.37316895,137.195122,0.041345399,0
Idina Menzel - Let It Go (from Frozen) (Official Video),Idina Menzel,United States,English,279.2178654,949499.5625,909785.625,729056.375,G#,225.1871429,0.155714091,-39.32984543,131.3577728,147.65625,0.023437738,1
Idina Menzel - Let It Go (from Frozen) (Official Video),Idina Menzel,United States,English,94.9019095,2776932.25,2598194.25,1610560.25,F,225.1871429,0.037508141,-12.98512363,110.9733429,135.9991776,0.028273387,2
"Idina Menzel, AURORA - Into the Unknown (From _Frozen 2_)",Idina Menzel; AURORA,United States,English,221.9538724,11070979,9255823,8604319,D#,209.25825,0.043963681,-10.29297352,93.26851654,108.1730769,0.081474349,0
"Idina Menzel, AURORA - Into the Unknown (From _Frozen 2_)",Idina Menzel; AURORA,United States,English,314.5847631,6647434.5,6195716,5931858.5,D#,209.258254,0.10611515,-34.93460464,112.6124115,107.6660156,0.055927858,1
"Idina Menzel, AURORA - Into the Unknown (From _Frozen 2_)",Idina Menzel; AURORA,United States,English,208.3341585,5535907.5,5061028.5,3782027,D#,209.258254,0.043305116,-11.97203636,104.1481552,107.6660156,0.04624692,2
Jack Johnson - banana pancakes,Jack Johnson,United States,English,88.49651588,88152120,77625864,70997984,G,280.4622292,0.017354504,-8.80111599,101.2107697,114.7959184,0.135368407,0
Jack Johnson - banana pancakes,Jack Johnson,United States,English,327.5869586,10359422,6449734,6391619,A,280.4622449,0.123294957,-28.87807274,123.0614243,117.4538352,0.042639967,1
Jack Johnson - banana pancakes,Jack Johnson,United States,English,106.8326277,44513556,35490680,34405528,G,280.4622449,0.021403729,-12.50901604,118.0823975,114.84375,0.08513017,2
James Arthur - Say You Won't Let Go,James Arthur,United Kingdom,English,105.7533394,30011492,27973224,24643422,A#,210.7211042,0.040570917,1.134295344,74.51076508,130.8139535,0.17509529,0
James Arthur - Say You Won't Let Go,James Arthur,United Kingdom,English,265.211967,17497434,13558306,12892727,D,210.7211111,0.116118532,-20.64772034,86.03993988,129.1992188,0.114690877,1
James Arthur - Say You Won't Let Go,James Arthur,United Kingdom,English,105.0506641,21374158,20080942,17066902,A#,210.7211111,0.025789944,-2.517820358,101.540062,129.1992188,0.094519109,2
周杰倫 Jay Chou【七里香 Orange Jasmine】-Official Music Video,周杰倫,China,Chinese,126.6526933,19083808,12444529,11940549,A#,303.8215,0.053235324,-2.50689292,81.31132507,144.2307692,0.078440621,0
周杰倫 Jay Chou【七里香 Orange Jasmine】-Official Music Video,周杰倫,China,Chinese,326.0868133,4637464.5,3238983.75,2901498.75,D#,303.8215193,0.188484156,-27.58435059,119.7628021,143.5546875,0.037127398,1
周杰倫 Jay Chou【七里香 Orange Jasmine】-Official Music Video,周杰倫,China,Chinese,113.7553052,17277174,11326373,8346616,A#,303.8215193,0.047716721,-4.042243004,88.82212067,143.5546875,0.06104381,2
周杰倫 Jay Chou【青花瓷 Blue and White Porcelain】-Official Music Video,周杰倫,China,Chinese,112.6000367,17205246,12059725,10687795,D,243.0548958,0.033310522,-2.551878691,92.31352234,108.1730769,0.072890669,0
周杰倫 Jay Chou【青花瓷 Blue and White Porcelain】-Official Music Video,周杰倫,China,Chinese,411.3856933,5134747,4536236,4088142.25,A,243.054898,0.200140341,-29.73228073,127.4244919,107.6660156,0.033401899,1
周杰倫 Jay Chou【青花瓷 Blue and White Porcelain】-Official Music Video,周杰倫,China,Chinese,101.6481566,14723998,11391946,8756467,D,243.054898,0.033590093,-4.485309124,102.4271927,107.6660156,0.057301037,2
【周杰倫地表最強演唱會LIVE-稻香】 Jay Chou's The Invincible Concert LIVE (Rice Field),周杰倫,China,Chinese,102.4303571,33335926,21861464,15764966,G,205.1483125,0.043072865,-1.541472554,75.42848206,165.4411765,0.099607855,0
【周杰倫地表最強演唱會LIVE-稻香】 Jay Chou's The Invincible Concert LIVE (Rice Field),周杰倫,China,Chinese,374.2451584,1828707.75,1756391,1381360.625,G,205.1482993,0.232659591,-27.84935379,115.8637314,166.7086694,0.035494681,1
【周杰倫地表最強演唱會LIVE-稻香】 Jay Chou's The Invincible Concert LIVE (Rice Field),周杰倫,China,Chinese,98.16931139,30644484,17372696,14105449,G,205.1482993,0.036384345,-3.447311163,85.54657745,82.03125,0.083116457,2
【周杰倫地表最強演唱會LIVE-告白汽球】 Jay Chou's The Invincible Concert LIVE (Love Confession),周杰倫,China,Chinese,113.6130152,123256760,78762840,72153880,B,263.2678542,0.044306548,4.792677402,63.93460083,90.72580645,0.153343305,0
【周杰倫地表最強演唱會LIVE-告白汽球】 Jay Chou's The Invincible Concert LIVE (Love Confession),周杰倫,China,Chinese,305.911978,4204880.5,2820696.75,2619591,A#,263.2678685,0.154840192,-25.01809883,99.57871246,92.28515625,0.046189986,1
【周杰倫地表最強演唱會LIVE-告白汽球】 Jay Chou's The Invincible Concert LIVE (Love Confession),周杰倫,China,Chinese,91.07633961,109667360,75685696,50676636,B,263.2678685,0.037979268,3.586634636,70.64554596,90.66611842,0.133722708,2
周杰倫 Jay Chou【紅塵客棧 Hong-Chen Inn】Official MV,周杰倫,China,Chinese,122.6941669,76607056,57110356,30862092,G,275.3654583,0.029807645,-0.117401212,85.73944092,181.4516129,0.130918384,0
周杰倫 Jay Chou【紅塵客棧 Hong-Chen Inn】Official MV,周杰倫,China,Chinese,399.7929496,7066336,5963161.5,5727388,D,275.3654649,0.211420202,-28.48073387,119.4177246,178.205819,0.050717346,1
周杰倫 Jay Chou【紅塵客棧 Hong-Chen Inn】Official MV,周杰倫,China,Chinese,144.276788,61512660,57205880,30898024,G,275.3654649,0.029140935,-1.960517049,95.6053772,178.205819,0.110067308,2
Jay Chou - Cowboy Is Very Busy,Jay Chou,China,Chinese,144.739928,25946014,17715928,14871363,C,169.447625,0.051644272,-0.140992999,76.56599426,125,0.116258517,0
Jay Chou - Cowboy Is Very Busy,Jay Chou,China,Chinese,301.6585001,5658659,4995719,4709113.5,C,169.4476417,0.227408027,-25.43887329,113.4223175,123.046875,0.050610103,1
Jay Chou - Cowboy Is Very Busy,Jay Chou,China,Chinese,75.16638855,21797460,18022744,12102507,G,169.4476417,0.058154678,-2.006837845,84.67636871,123.046875,0.093390822,2
"John Denver - Take Me Home, Country Roads (Official Audio)",John Denver,United States,English,107.0662561,15115740,12235183,10198453,A,195.5004167,0.051785118,-3.9443748,79.75286102,82.72058824,0.125317171,0
"John Denver - Take Me Home, Country Roads (Official Audio)",John Denver,United States,English,191.7886117,6568672.5,5938891.5,5262846,A,195.5004308,0.099042661,-21.07704926,92.36485291,156.6051136,0.091110498,1
"John Denver - Take Me Home, Country Roads (Official Audio)",John Denver,United States,English,113.4207321,6298727,5844386,5724121.5,E,195.5004308,0.047242313,-6.521932602,91.9728241,82.03125,0.06418626,2
John Legend - All of Me (Official Video),John Legend,United States,English,121.754279,35996748,33838104,30874604,G#,307.1883958,0.036305124,-11.42913437,84.06584167,119.6808511,0.157051221,0
John Legend - All of Me (Official Video),John Legend,United States,English,212.9907504,24996328,23519430,23066476,C,307.1884127,0.103949247,-23.74025536,91.19458771,120.1853198,0.123600267,1
John Legend - All of Me (Official Video),John Legend,United States,English,135.6013149,15864555,15548544,14593141,D#,307.1884127,0.026434635,-16.17693138,110.5239182,84.72079918,0.068910353,2
"IMAGINE. (Ultimate Mix, 2020) - John Lennon & The Plastic Ono Band (with the Flux Fiddlers) HD",John Lennon,United Kingdom,English,152.6865209,25253154,22673598,19238558,C,233.8946042,0.03089706,-6.435963631,102.6127548,76.01351351,0.098110951,0
"IMAGINE. (Ultimate Mix, 2020) - John Lennon & The Plastic Ono Band (with the Flux Fiddlers) HD",John Lennon,United Kingdom,English,676.5588887,1868688.75,1795684.75,1610292.375,C,233.8946259,0.302346358,-34.53404999,133.0244751,123.046875,0.022485305,1
"IMAGINE. (Ultimate Mix, 2020) - John Lennon & The Plastic Ono Band (with the Flux Fiddlers) HD",John Lennon,United Kingdom,English,154.6529899,21778612,20175726,15919732,C,233.8946259,0.030986192,-7.521394253,107.8275528,75.99954044,0.088619106,2
Joji -  Glimpse of Us,Joji,Japan,English,107.6578496,51392068,28612088,26699386,D#,233.4766458,0.030195117,-1.584379315,87.89041901,160.7142857,0.148932606,0
Joji -  Glimpse of Us,Joji,Japan,English,327.7265872,13597037,12103806,12034521,A#,233.4766667,0.152929755,-19.17969322,95.68029785,161.4990234,0.078774735,1
Joji -  Glimpse of Us,Joji,Japan,English,120.2713638,35710548,20986610,12101669,D#,233.4766667,0.018884036,-6.511019707,119.9360809,56.79086538,0.090794817,2
Joji - SLOW DANCING IN THE DARK,Joji,Japan,English,125.3068541,343859712,238822768,183951504,D#,217.2226875,0.032490592,0.528588891,73.316185,89.28571429,0.25701046,0
Joji - SLOW DANCING IN THE DARK,Joji,Japan,English,371.0247437,10460774,8659819,8347666,F,217.2226984,0.174467476,-26.63146591,105.0229492,89.10290948,0.075354829,1
Joji - SLOW DANCING IN THE DARK,Joji,Japan,English,156.8150705,221190464,202896768,97180032,D#,217.2226984,0.04073953,-2.21101737,83.9989624,178.205819,0.191368669,2
Kelly Clarkson - Because Of You (Official HD Video),Kelly Clarkson,United States,English,128.0067867,46403196,45615580,23154156,D#,223.3179167,0.058725773,-0.753532827,72.23413086,140.625,0.139767021,0
Kelly Clarkson - Because Of You (Official HD Video),Kelly Clarkson,United States,English,241.7199912,11355300,7420097,6134631.5,G#,223.3179365,0.135706955,-28.47983932,91.51757813,139.6748311,0.080843307,1
Kelly Clarkson - Because Of You (Official HD Video),Kelly Clarkson,United States,English,82.16520621,40823976,25878642,20216596,D#,223.3179365,0.039970552,-3.448604345,87.32185364,69.83741554,0.092263669,2
"For The First Time In Forever (from _Frozen_) - Kristen Bell, Idina Menzel",Idina Menzel; Kristen Bell,United States,English,159.5347366,5901166.5,5114573.5,4728710.5,C,232.338875,0.051308581,-6.429463387,90.01825714,133.9285714,0.084369704,0
"For The First Time In Forever (from _Frozen_) - Kristen Bell, Idina Menzel",Idina Menzel; Kristen Bell,United States,English,289.3567963,2837438,2526197,2302895.75,G,232.3388889,0.134054247,-35.56595993,108.4329224,191.40625,0.055813521,1
"For The First Time In Forever (from _Frozen_) - Kristen Bell, Idina Menzel",Idina Menzel; Kristen Bell,United States,English,120.8426358,3355562.5,2644903.25,2267744.5,F,232.3388889,0.037264914,-8.202415466,108.2016602,101.3327206,0.049772367,2
Labrinth - Jealous (Official Video),Labrinth,United Kingdom,English,121.7368798,41608064,27303884,26361482,C#,286.1627211,0.030818849,-2.706052303,92.8727951,151.9990809,0.137669325,0
Labrinth - Jealous (Official Video),Labrinth,United Kingdom,English,475.3809165,16330215,14529983,12996286,C#,286.1627211,0.230074801,-27.54188538,106.8380356,156.6051136,0.083439291,1
Labrinth - Jealous (Official Video),Labrinth,United Kingdom,English,101.0543356,41277304,27028322,21656384,C#,286.1627211,0.017706787,-5.324784756,114.9175568,86.1328125,0.084895782,2
Lady Gaga - Always Remember Us This Way ( Lyrics Video ),Lady Gaga,United States,English,120.0601962,61720244,58109400,54847020,C,188.09325,0.032141804,3.362935305,78.65557861,130.8139535,0.17243652,0
Lady Gaga - Always Remember Us This Way ( Lyrics Video ),Lady Gaga,United States,English,218.4849184,10144363,7768342.5,6741974.5,C,188.0932653,0.100609987,-27.22132111,98.59525299,129.1992188,0.085471265,1
Lady Gaga - Always Remember Us This Way ( Lyrics Video ),Lady Gaga,United States,English,82.98321126,54867652,49464000,40818580,G,188.0932653,0.024976632,1.403404593,95.02603149,65.41732595,0.131077304,2
"Lady Gaga, Bradley Cooper - Shallow (from A Star Is Born) (Official Music Video)",Lady Gaga; Bradley Cooper,United States,English,168.5297309,54887848,47156604,28292780,G,216.192,0.049587106,0.145823643,73.32415771,95.33898305,0.128022656,0
"Lady Gaga, Bradley Cooper - Shallow (from A Star Is Born) (Official Music Video)",Lady Gaga; Bradley Cooper,United States,English,248.410326,3665293.5,2382251.25,2346126.5,G,216.1920181,0.13909998,-28.13941574,100.258522,161.4990234,0.059477519,1
"Lady Gaga, Bradley Cooper - Shallow (from A Star Is Born) (Official Music Video)",Lady Gaga; Bradley Cooper,United States,English,102.4225444,49010732,34597260,34177068,G,216.1920181,0.02954154,-1.961687922,90.66240692,95.703125,0.101180337,2
Lee Hi (이하이) - 'ONLY' Lyrics (Colour Coded Han_Rom_Eng),Lee Hi (이하이),South Korea,Korean,122.3850371,63916008,56342812,46234380,A,241.0579792,0.032314064,-0.383586884,81.50684357,125,0.20027028,0
Lee Hi (이하이) - 'ONLY' Lyrics (Colour Coded Han_Rom_Eng),Lee Hi (이하이),South Korea,Korean,295.2661429,65181804,26598448,15901717,A,241.0579819,0.120193049,-25.02396965,89.2516861,126.0480183,0.119901933,1
Lee Hi (이하이) - 'ONLY' Lyrics (Colour Coded Han_Rom_Eng),Lee Hi (이하이),South Korea,Korean,109.3919049,24874560,22084144,21132948,C,241.0579819,0.023557501,-4.317942619,106.6345673,123.046875,0.117854923,2
LEE HI - '한숨 (BREATHE)' M_V,LEE HI,South Korea,Korean,144.3117678,35806916,32522614,27622498,G#,294.4290417,0.043913719,-9.636405945,89.21979523,125,0.116013348,0
LEE HI - '한숨 (BREATHE)' M_V,LEE HI,South Korea,Korean,419.4286113,31004788,29705268,19535590,C,294.4290476,0.205947331,-30.22616196,102.6080856,224.6942935,0.083065949,1
LEE HI - '한숨 (BREATHE)' M_V,LEE HI,South Korea,Korean,114.0863284,10412714,9651104,8445545,G#,294.4290476,0.03238648,-12.1715517,108.3857574,62.26468373,0.059839968,2
"[MV] Lee Hong Gi(이홍기), Yoo Hwe Seung(유회승) _ Still love you(사랑했었다)",Lee Hong Gi(이홍기); Yoo Hwe Seung(유회승) _ Still love you(사랑했었다),South Korea,Korean,149.4896105,62586980,58172088,56047808,G#,259.968,0.053328374,1.363043666,71.36117554,133.9285714,0.199990407,0
"[MV] Lee Hong Gi(이홍기), Yoo Hwe Seung(유회승) _ Still love you(사랑했었다)",Lee Hong Gi(이홍기); Yoo Hwe Seung(유회승) _ Still love you(사랑했었다),South Korea,Korean,487.9209809,64009216,36964696,36156564,G#,259.9680045,0.255159226,-26.71481895,92.63909149,135.9991776,0.123544283,1
"[MV] Lee Hong Gi(이홍기), Yoo Hwe Seung(유회승) _ Still love you(사랑했었다)",Lee Hong Gi(이홍기); Yoo Hwe Seung(유회승) _ Still love you(사랑했었다),South Korea,Korean,128.4659967,29346886,24051612,19961004,G#,259.9680045,0.041787908,-3.229047298,91.91249847,67.11647727,0.09428978,2
Lewis Capaldi - Someone You Loved (Lyrics),Lewis Capaldi,United Kingdom,English,114.0513969,49211504,41943668,31191326,C#,182.2418333,0.0443338,1.175387025,77.97826385,110.2941176,0.216987059,0
Lewis Capaldi - Someone You Loved (Lyrics),Lewis Capaldi,United Kingdom,English,342.8116557,30115644,27683702,25126340,F,182.2418367,0.163818888,-20.52134323,82.95610809,109.9567819,0.157480061,1
Lewis Capaldi - Someone You Loved (Lyrics),Lewis Capaldi,United Kingdom,English,101.8104215,20803000,17874076,16994474,C#,182.2418367,0.017259426,-3.630270481,116.0300369,109.9567819,0.11257115,2
2013 央视春节联欢晚会 歌曲《风吹麦浪》李健 孙俪_ CCTV春晚,李健 孙俪,China,Chinese,123.0388441,13118084,9699332,9519348,E,200.07475,0.042752514,-1.665875673,81.58369446,137.195122,0.096103452,0
2013 央视春节联欢晚会 歌曲《风吹麦浪》李健 孙俪_ CCTV春晚,李健 孙俪,China,Chinese,159.9389699,9320474,7633856.5,5815458.5,F#,200.0747619,0.059412387,-22.28207207,101.1655579,139.6748311,0.07080806,1
2013 央视春节联欢晚会 歌曲《风吹麦浪》李健 孙俪_ CCTV春晚,李健 孙俪,China,Chinese,87.8790202,4261986.5,3899789,2577387.75,E,200.0747619,0.041546943,-4.018033028,98.0975647,139.6748311,0.047557861,2
Mandy Moore & Zachary Levi (Ost.Tangled_Rapunzel) - I See The Light,Mandy Moore; Zachary Levi (Ost.Tangled_Rapunzel),United States,English,119.2162561,14787845,14754048,14333609,G,224.2351042,0.039811308,-3.182460308,84.7989502,98.68421053,0.109608293,0
Mandy Moore & Zachary Levi (Ost.Tangled_Rapunzel) - I See The Light,Mandy Moore; Zachary Levi (Ost.Tangled_Rapunzel),United States,English,476.1353219,4079285.25,3792890.5,3773541.5,G,224.2351247,0.248779411,-30.3762989,116.1544037,172.265625,0.051009364,1
Mandy Moore & Zachary Levi (Ost.Tangled_Rapunzel) - I See The Light,Mandy Moore; Zachary Levi (Ost.Tangled_Rapunzel),United States,English,91.88910277,8966853,8754996,7170557,G,224.2351247,0.028538301,-5.807240963,99.31882477,99.38401442,0.075579606,2
"[MV] MeloMance(멜로망스) _ Love, Maybe(사랑인가 봐) (사내맞선 OST 스페셜 트랙) (Live Clip Ver.)",MeloMance(멜로망스) _ Love; Maybe(사랑인가 봐) (사내맞선 OST 스페셜 트랙) (Live Clip Ver.),South Korea,Korean,112.4126681,68538328,63501632,51411288,G#,200.2024583,0.039081517,4.179818153,74.39941406,86.53846154,0.24268645,0
"[MV] MeloMance(멜로망스) _ Love, Maybe(사랑인가 봐) (사내맞선 OST 스페셜 트랙) (Live Clip Ver.)",MeloMance(멜로망스) _ Love; Maybe(사랑인가 봐) (사내맞선 OST 스페셜 트랙) (Live Clip Ver.),South Korea,Korean,370.8560728,29105138,25679616,25075254,G#,200.2024717,0.201306425,-23.50406075,99.75537109,166.7086694,0.120301843,1
"[MV] MeloMance(멜로망스) _ Love, Maybe(사랑인가 봐) (사내맞선 OST 스페셜 트랙) (Live Clip Ver.)",MeloMance(멜로망스) _ Love; Maybe(사랑인가 봐) (사내맞선 OST 스페셜 트랙) (Live Clip Ver.),South Korea,Korean,148.1509047,40316704,28757312,24984076,G#,200.2024717,0.034022514,0.432912558,88.1954422,86.1328125,0.134939492,2
Michael Bublé - Home [Official Music Video],Michael Bublé,Canada,English,104.7958909,41008856,37723544,34601152,G,225.9766042,0.029600224,1.926464915,76.12193298,63.92045455,0.175109774,0
Michael Bublé - Home [Official Music Video],Michael Bublé,Canada,English,389.9866648,19967332,18569234,12750746,G,225.9766213,0.202088008,-23.6808033,105.9968185,129.1992188,0.093180373,1
Michael Bublé - Home [Official Music Video],Michael Bublé,Canada,English,119.5134984,29720540,27009266,24938128,G,225.9766213,0.028113837,-0.095222645,87.69380951,63.80208333,0.119445637,2
Modern Talking - Cheri Cheri Lady (Official Video),Modern Talking,Germany,English,86.62828552,67823560,40957616,23692970,D,197.0445417,0.029757799,1.492002487,75.02787781,114.7959184,0.148014113,0
Modern Talking - Cheri Cheri Lady (Official Video),Modern Talking,Germany,English,269.8544918,3359118,3212124.25,3193887.25,A,197.0445578,0.115124797,-26.89966202,113.7700043,114.84375,0.049608789,1
Modern Talking - Cheri Cheri Lady (Official Video),Modern Talking,Germany,English,73.80002942,51530572,47932460,17919326,D,197.0445578,0.02820524,-0.163366809,79.55080414,114.84375,0.12208347,2
Natalie Imbruglia - Torn (Official Video),Natalie Imbruglia,Australia,English,89.72055955,90877552,64581884,54656388,F,243.2058125,0.079005388,6.657330513,53.8595314,96.98275862,0.20864825,0
Natalie Imbruglia - Torn (Official Video),Natalie Imbruglia,Australia,English,222.7656651,11673784,10587222,9699166,F,243.2058277,0.178786083,-25.77038574,88.80960083,191.40625,0.091677211,1
Natalie Imbruglia - Torn (Official Video),Natalie Imbruglia,Australia,English,86.47577123,57390404,38611764,32239366,F,243.2058277,0.058711223,4.317202568,63.25772858,95.703125,0.14023377,2
Olivia Rodrigo – drivers license (Lyrics),Olivia Rodrigo,United States,English,146.9942642,186223280,100163696,50579104,A#,247.0138958,0.035446313,-1.664962888,80.07810211,144.2307692,0.170851305,0
Olivia Rodrigo – drivers license (Lyrics),Olivia Rodrigo,United States,English,387.2091961,14604304,11013454,9196650,D,247.0139002,0.156961206,-28.57779884,93.6791153,143.5546875,0.086340524,1
Olivia Rodrigo – drivers license (Lyrics),Olivia Rodrigo,United States,English,121.9087788,117079784,82166808,24146122,A#,247.0139002,0.018404878,-4.633475304,100.3879242,71.77734375,0.108307548,2
One Direction - Story of My Life,One Direction,United Kingdom,English,100.5808955,76135376,53491388,39591272,D#,247.6408163,0.051383023,2.099633455,70.97587585,120.1853198,0.190339625,0
One Direction - Story of My Life,One Direction,United Kingdom,English,338.7026973,11732275,9355080,9048511,D#,247.6408163,0.162729186,-23.65316582,99.73295593,215.3320313,0.080521747,1
One Direction - Story of My Life,One Direction,United Kingdom,English,95.7384268,52848548,37165236,27342432,D#,247.6408163,0.028504605,-1.534898996,88.73982239,120.1853198,0.108584002,2
One Direction - Half a Heart (Audio),One Direction,United Kingdom,English,94.43345426,60063448,58628272,58411008,C,190.1017687,0.05701318,3.550439119,62.14651489,156.6051136,0.249657691,0
One Direction - Half a Heart (Audio),One Direction,United Kingdom,English,186.0338755,13081959,12818685,10728564,C,190.1017687,0.080191555,-21.78817368,90.15174103,156.6051136,0.130920529,1
One Direction - Half a Heart (Audio),One Direction,United Kingdom,English,103.8894181,38131860,37051964,34670524,C,190.1017687,0.043444239,0.136599049,78.59220886,156.6051136,0.132609561,2
One Direction - What Makes You Beautiful (Official Video),One Direction,United Kingdom,English,108.0023859,137746864,89948824,83247568,E,206.4254167,0.083285144,5.969922066,56.41679382,125,0.245954499,0
One Direction - What Makes You Beautiful (Official Video),One Direction,United Kingdom,English,277.9728902,28166736,21109662,10316580,E,206.4254195,0.156556188,-18.53007698,77.4954071,83.35433468,0.114050776,1
One Direction - What Makes You Beautiful (Official Video),One Direction,United Kingdom,English,72.74831778,62285884,47488692,28486956,B,206.4254195,0.078076312,1.64767313,70.02091217,126.0480183,0.12613748,2
190713_박효신(Park Hyo Shin)_Goodbye(굿바이)_LIVE 2019 LOVERS_막콘,Park Hyo Shin,South Korea,Korean,140.7389243,91511440,87238000,84439304,A,276.0736667,0.025712209,0.873146176,75.67204285,127.8409091,0.218742996,0
190713_박효신(Park Hyo Shin)_Goodbye(굿바이)_LIVE 2019 LOVERS_막콘,Park Hyo Shin,South Korea,Korean,227.7494219,38813328,38407676,36853220,A,276.0736735,0.083307701,-18.44470596,86.68184662,139.6748311,0.133125752,1
190713_박효신(Park Hyo Shin)_Goodbye(굿바이)_LIVE 2019 LOVERS_막콘,Park Hyo Shin,South Korea,Korean,109.8291281,40945596,35218548,21919352,A,276.0736735,0.019784158,-3.05348897,98.37223816,64.59960938,0.110420287,2
PU SHU The Ordinary Road 朴树 平凡之路 Pinyin English,朴树,China,Chinese,90.27557929,110538232,78672304,46079952,E,302.765,0.042003214,2.537452459,73.30522156,83.95522388,0.167406008,0
PU SHU The Ordinary Road 朴树 平凡之路 Pinyin English,Park Hyo Shin,China,Chinese,206.2062577,14491797,9903724,9883807,A,302.7650113,0.17722664,-20.21434593,101.0054169,166.7086694,0.076649241,1
PU SHU The Ordinary Road 朴树 平凡之路 Pinyin English,Park Hyo Shin,China,Chinese,96.95482438,91502936,73459128,43072404,E,302.7650113,0.036603569,-0.162921235,85.68162537,166.7086694,0.127861559,2
Queen – Bohemian Rhapsody (Official Video Remastered),Queen,United Kingdom,English,112.1567332,44579804,38947796,30568708,A#,359.4453333,0.054012913,-4.21379137,81.26482391,144.2307692,0.115742244,0
Queen – Bohemian Rhapsody (Official Video Remastered),Queen,United Kingdom,English,396.0137983,3516655.5,3106752.5,2878795.5,A#,359.4453515,0.19298007,-30.86916351,114.035965,147.65625,0.044528645,1
Queen – Bohemian Rhapsody (Official Video Remastered),Queen,United Kingdom,English,131.4684952,32494464,30557276,28049824,D#,359.4453515,0.051660301,-7.15081501,96.8285141,143.5546875,0.083139509,2
Radiohead - Creep,Radiohead,United Kingdom,English,165.2359971,35079576,31848134,23547324,G,236.5300833,0.060333396,2.284622669,75.93397522,187.5,0.12895906,0
Radiohead - Creep,Radiohead,United Kingdom,English,456.6470631,5217933,4842952.5,3210981,G,236.5300907,0.255416269,-29.93546677,127.467186,132.5120192,0.041057196,1
Radiohead - Creep,Radiohead,United Kingdom,English,356.1366847,24202324,21077612,19774614,G,236.5300907,0.063679674,0.945514679,81.48201752,184.5703125,0.10117466,2
空空如也,任然,China,Chinese,117.9580328,252640272,156286512,153852400,F#,213.8461875,0.051029324,5.224068642,63.67921066,156.25,0.251983553,0
空空如也,任然,China,Chinese,327.595004,20245124,17569492,15501452,A#,213.8461905,0.146294205,-24.19363976,82.4743042,105.46875,0.111615315,1
空空如也,任然,China,Chinese,87.5832008,147060048,104931832,65690648,F#,213.8461905,0.030468405,1.200793743,89.90097046,156.6051136,0.165594444,2
劉若英 René Liu【後來 Later】Official Music Video,劉若英,China,Chinese,128.1114082,106709320,84130048,81199928,G,340.1142917,0.041932649,2.346194029,69.64021301,148.0263158,0.183331728,0
劉若英 René Liu【後來 Later】Official Music Video,劉若英,China,Chinese,449.4103509,18884326,16424965,14287619,G,340.1143084,0.172908164,-25.04863358,108.001152,147.65625,0.084668361,1
劉若英 René Liu【後來 Later】Official Music Video,劉若英,China,Chinese,105.8281065,66706768,57654424,46565172,G,340.1143084,0.036824466,-0.462928176,83.37702179,74.89809783,0.11925301,2
Robbie Williams - Angels,Robbie Williams,United Kingdom,English,95.32202496,54802352,47184712,35549256,E,235.729,0.0492273,5.66480875,64.94104004,75,0.196956486,0
Robbie Williams - Angels,Robbie Williams,United Kingdom,English,288.9124667,19920140,12587297,11501193,F#,235.7290023,0.184755237,-22.54197502,101.9251251,99.38401442,0.088586494,1
Robbie Williams - Angels,Robbie Williams,United Kingdom,English,88.56677387,36828076,35448344,25525748,E,235.7290023,0.04028853,3.197246075,75.23035431,74.89809783,0.133492485,2
Sam Smith - I'm Not The Only One (Official Music Video),Sam Smith,United Kingdom,English,95.88144961,187484352,156502240,93040280,F,279.870125,0.032259204,4.864041328,75.29611206,81.52173913,0.217742175,0
Sam Smith - I'm Not The Only One (Official Music Video),Sam Smith,United Kingdom,English,565.231538,14036642,11027243,10923784,F,279.8701361,0.198594235,-27.41392708,109.3272629,151.9990809,0.083832651,1
Sam Smith - I'm Not The Only One (Official Music Video),Sam Smith,United Kingdom,English,89.95284179,96398528,59687868,51319292,F,279.8701361,0.024960009,0.978079319,91.40150452,82.03125,0.126617953,2
Sam Smith - Too Good At Goodbyes,Sam Smith,United Kingdom,English,111.9752448,91539232,90864688,58149868,F,264.3940208,0.0312893,-2.149097443,82.53471375,92.21311475,0.154596582,0
Sam Smith - Too Good At Goodbyes,Sam Smith,United Kingdom,English,269.2143047,16497301,14299665,11084132,F,264.3940363,0.109860944,-25.21120453,103.4550247,166.7086694,0.086689688,1
Sam Smith - Too Good At Goodbyes,Sam Smith,United Kingdom,English,90.96317385,55810888,41347948,28420440,F,264.3940363,0.019265412,-7.333879471,107.5186234,92.28515625,0.077026628,2
[ENGSUB] Silence Wang - One Alluring Smile 一笑倾城 (Love O2O OST),Silence Wang,China,Chinese,178.7580048,227208752,171670848,67990776,E,229.448,0.051709758,4.497914314,61.70396805,117.1875,0.203719586,0
[ENGSUB] Silence Wang - One Alluring Smile 一笑倾城 (Love O2O OST),Silence Wang,China,Chinese,506.2768074,27611422,15522465,13294506,C,229.4480045,0.292671715,-25.74635887,106.9972839,117.4538352,0.074977778,1
[ENGSUB] Silence Wang - One Alluring Smile 一笑倾城 (Love O2O OST),Silence Wang,China,Chinese,191.0450997,162424704,158163264,67690736,F,229.4480045,0.03800856,1.841943383,74.15596008,117.4538352,0.159963071,2
Taeyeon - ALL ABOUT YOU '그대라는 시' (Hotel Del Luna OST) LYRICS,Taeyeon,South Korea,Korean,146.7499726,31587082,27276382,24593880,E,209.7226458,0.034393158,-4.543999195,85.6915741,133.9285714,0.154751763,0
Taeyeon - ALL ABOUT YOU '그대라는 시' (Hotel Del Luna OST) LYRICS,Taeyeon,South Korea,Korean,381.8100452,25949198,19332722,18874118,B,209.7226531,0.160025889,-27.72391129,93.15667725,135.9991776,0.119969606,1
Taeyeon - ALL ABOUT YOU '그대라는 시' (Hotel Del Luna OST) LYRICS,Taeyeon,South Korea,Korean,114.5015912,9668038,9515720,8739064,E,209.7226531,0.020127702,-8.398565292,121.3878555,67.99958882,0.067431562,2
[HQ] [AUDIO] [ENGSUB] 태연 (TAEYEON) - Starlight (Feat. DEAN) @ The 2nd Mini Album 'Why',태연 (TAEYEON),South Korea,Korean,145.9255259,162720960,132578920,59777860,E,223.6778333,0.077836106,3.402148962,55.1607132,93.75,0.227256402,0
[HQ] [AUDIO] [ENGSUB] 태연 (TAEYEON) - Starlight (Feat. DEAN) @ The 2nd Mini Album 'Why',태연 (TAEYEON),South Korea,Korean,216.7866023,12849996,10552292,10181964,C#,223.6778458,0.120307487,-16.79174423,72.2488327,93.96306818,0.117817104,1
[HQ] [AUDIO] [ENGSUB] 태연 (TAEYEON) - Starlight (Feat. DEAN) @ The 2nd Mini Album 'Why',태연 (TAEYEON),South Korea,Korean,136.3922833,93406768,88202632,41787276,E,223.6778458,0.070338172,-1.908311248,78.34673309,93.96306818,0.128725067,2
Tanya Chua - Red High Heels 蔡健雅献唱《爱呼2》片头曲,Tanya Chua,China,Chinese,96.87778417,3564043,3461389.25,3337587.5,D,206.4718542,0.041851457,-3.87149024,101.195961,87.890625,0.061256222,0
Tanya Chua - Red High Heels 蔡健雅献唱《爱呼2》片头曲,Tanya Chua,China,Chinese,495.7372009,1081236.25,963398.375,930333.875,A,206.4718594,0.222495668,-37.02459717,132.1174774,172.265625,0.028461581,1
Tanya Chua - Red High Heels 蔡健雅献唱《爱呼2》片头曲,Tanya Chua,China,Chinese,102.3026556,3093441.5,2890602,2785703,D,206.4718594,0.036578566,-4.773613453,104.8451309,87.59269068,0.046948578,2
All Too Well (10 Minute Version) (Taylor's Version) (From The Vault) (Lyric Video),Taylor Swift,United States,English,112.2599024,155138768,111121200,44019136,G,612.1592917,0.03277942,1.717235327,84.44753265,93.75,0.109074682,0
All Too Well (10 Minute Version) (Taylor's Version) (From The Vault) (Lyric Video),Taylor Swift,United States,English,258.3118223,11022529,7585932,5558800,C,612.1592971,0.141425282,-29.22166634,107.53405,93.96306818,0.045265574,1
All Too Well (10 Minute Version) (Taylor's Version) (From The Vault) (Lyric Video),Taylor Swift,United States,English,72.89865679,121816304,119017272,42890356,G,612.1592971,0.014252908,-0.139361441,103.2403641,92.28515625,0.0919092,2
Taylor Swift - Back To December,Taylor Swift,United States,English,110.1799605,33066766,22414736,20832828,D,304.0304792,0.076230274,0.281523466,69.31000519,140.625,0.107545756,0
Taylor Swift - Back To December,Taylor Swift,United States,English,364.4453544,7464012,6041383.5,4642572,D,304.0304989,0.210190721,-29.9840889,109.7745056,139.6748311,0.054394271,1
Taylor Swift - Back To December,Taylor Swift,United States,English,81.51722895,29626890,20535334,15298533,D,304.0304989,0.053496051,-1.284872174,81.80109406,143.5546875,0.078452505,2
Taylor Swift - Anti-Hero (Official Music Video),Taylor Swift,United States,English,145.1429765,63300604,36823384,26322014,C#,309.3942917,0.048251837,-4.604408741,87.75566101,96.98275862,0.094372377,0
Taylor Swift - Anti-Hero (Official Music Video),Taylor Swift,United States,English,232.208785,3524292,2854731.25,2546710.75,F#,309.3943084,0.116032445,-22.76473999,103.013298,103.359375,0.048773043,1
Taylor Swift - Anti-Hero (Official Music Video),Taylor Swift,United States,English,144.6262328,53012000,39411708,20386466,C#,309.3943084,0.04603118,-10.65020847,112.570076,95.703125,0.064523049,2
Invisible,Taylor Swift,United States,English,142.9305569,72021896,47456088,37131104,G,203.2266667,0.046010609,-0.156229168,73.34623718,95.33898305,0.181929916,0
Invisible,Taylor Swift,United States,English,293.7122523,18605210,14675848,10514851,G,203.2266667,0.186867061,-28.9321537,95.45623016,95.703125,0.100761533,1
Invisible,Taylor Swift,United States,English,96.72936223,45925704,38242724,18381200,D,203.2266667,0.032748009,-2.808598757,88.84868622,95.703125,0.108293325,2
Taylor Swift - The Story Of Us,Taylor Swift,United States,English,125.3931147,51897628,35668472,19780308,B,266.15875,0.086898232,3.661100149,59.20533371,140.625,0.127849445,0
Taylor Swift - The Story Of Us,Taylor Swift,United States,English,295.7767973,3799148.5,2692575.5,2634320.5,E,266.1587528,0.224834369,-31.02070618,109.7289047,139.6748311,0.056696001,1
Taylor Swift - The Story Of Us,Taylor Swift,United States,English,116.7906175,50452188,22459802,21944012,B,266.1587528,0.083440442,2.824175835,65.16078949,139.6748311,0.09963017,2
Taylor Swift - Enchanted (Taylor's Version) (Lyric Video),Taylor Swift,United States,English,150.7742929,462219744,316210112,174111536,G#,356.7397917,0.065041851,6.242108345,57.87221527,81.52173913,0.276135117,0
Taylor Swift - Enchanted (Taylor's Version) (Lyric Video),Taylor Swift,United States,English,281.141396,18976846,17619454,15527847,G#,356.7397959,0.180891248,-24.79064369,86.4868927,82.03125,0.105415486,1
Taylor Swift - Enchanted (Taylor's Version) (Lyric Video),Taylor Swift,United States,English,133.6532314,193143088,179265232,79478232,G#,356.7397959,0.036519379,1.965477347,77.6525116,82.03125,0.153326631,2
Taylor Swift - Begin Again,Taylor Swift,United States,English,92.26991679,12400990,9446927,9387647,G,250.311125,0.047365695,-3.225667238,84.44180298,156.25,0.076692283,0
Taylor Swift - Begin Again,Taylor Swift,United States,English,426.1264098,2024301.5,1973492.75,1951794.25,B,250.3111111,0.253048876,-33.43703461,123.4266815,147.65625,0.031306092,1
Taylor Swift - Begin Again,Taylor Swift,United States,English,109.8377449,10693899,9054308,6989861,G,250.3111111,0.032323308,-4.906876564,99.04610443,156.6051136,0.061915331,2
Taylor Swift - exile (folklore_ the long pond studio sessions _ Disney+) ft. Bon Iver,Taylor Swift,United States,English,102.1490528,36356104,26540770,20622544,F#,279.6147083,0.028491734,-2.411558628,90.28744507,152.027027,0.127663523,0
Taylor Swift - exile (folklore_ the long pond studio sessions _ Disney+) ft. Bon Iver,Taylor Swift,United States,English,319.079035,7234818,7000736.5,6430571,F#,279.6147166,0.159243305,-21.71406746,103.4227982,151.9990809,0.067443103,1
Taylor Swift - exile (folklore_ the long pond studio sessions _ Disney+) ft. Bon Iver,Taylor Swift,United States,English,133.5586926,33665392,16424177,14430231,F#,279.6147166,0.023700647,-6.119641304,117.3715439,75.99954044,0.092529155,2
Breathe- Taylor Swift ft. Colbie Caillat (OFFICIAL VIDEO),Taylor Swift; Colbie Caillat,United States,English,101.7036446,81201848,80268880,55075460,C#,297.6333958,0.055088061,1.898581862,71.16743469,148.0263158,0.181965292,0
Breathe- Taylor Swift ft. Colbie Caillat (OFFICIAL VIDEO),Taylor Swift; Colbie Caillat,United States,English,216.6435131,18332908,12690269,9199953,C#,297.6334014,0.141897613,-22.56612968,93.05099487,147.65625,0.079421669,1
Breathe- Taylor Swift ft. Colbie Caillat (OFFICIAL VIDEO),Taylor Swift; Colbie Caillat,United States,English,94.88670467,49010352,47863080,40588804,G#,297.6334014,0.051017134,-2.535710096,88.96874237,73.828125,0.111170784,2
Taylor Swift - Everything Has Changed (Taylor's Version) (Lyric Video) ft. Ed Sheeran,Taylor Swift,United States,English,107.0341745,38479968,31789924,18776628,F#,248.5929792,0.054258971,0.311163217,71.57229614,80.35714286,0.122899801,0
Taylor Swift - Everything Has Changed (Taylor's Version) (Lyric Video) ft. Ed Sheeran,Taylor Swift,United States,English,247.7828444,9824586,8088735,4979868,A#,248.5929932,0.140019397,-25.95187187,98.29411316,151.9990809,0.066677153,1
Taylor Swift - Everything Has Changed (Taylor's Version) (Lyric Video) ft. Ed Sheeran,Taylor Swift,United States,English,123.2847207,31253234,30182250,17510636,F#,248.5929932,0.058631603,-2.17832756,87.73273468,105.46875,0.085786775,2
Yesterday (Remastered 2009),The Beatles,United Kingdom,English,129.881913,14593708,12594499,12235000,F,125.6666667,0.037073237,-4.1270051,85.25621796,96.98275862,0.121531181,0
Yesterday (Remastered 2009),The Beatles,United Kingdom,English,245.8870009,9473724,7443462.5,6696972,F,125.6666667,0.117916336,-23.2335186,102.817955,95.703125,0.090831816,1
Yesterday (Remastered 2009),The Beatles,United Kingdom,English,82.20458342,4541447,3915275,2682077.75,F,125.6666667,0.034633327,-7.237586975,106.5578842,97.50884434,0.058463071,2
The Chainsmokers - Closer (Lyric) ft. Halsey,The Chainsmokers,United States,English,117.0937321,134131816,79363048,60774368,F,261.805,0.079117079,1.169326186,62.65732956,95.33898305,0.192033082,0
The Chainsmokers - Closer (Lyric) ft. Halsey,The Chainsmokers,United States,English,255.0203035,13685709,13650774,13474192,A#,261.8050113,0.170086411,-20.66779709,88.40524292,191.40625,0.08464478,1
The Chainsmokers - Closer (Lyric) ft. Halsey,The Chainsmokers,United States,English,141.8497004,100515384,59765648,43984892,F,261.8050113,0.062707711,-3.049410343,83.72673798,95.703125,0.131829053,2
The Weeknd - Blinding Lights (Official Video),The Weeknd,Canada,English,87.23563869,200040528,131839704,93411712,F,262.5132083,0.039221636,6.215502262,68.50330353,85.22727273,0.201908469,0
The Weeknd - Blinding Lights (Official Video),The Weeknd,Canada,English,533.7500026,6722487.5,6005902,5096112.5,F,262.51322,0.250791956,-28.83234596,111.1527557,86.1328125,0.048569337,1
The Weeknd - Blinding Lights (Official Video),The Weeknd,Canada,English,146.8749371,148026320,107586984,72239080,F,262.51322,0.038778627,4.666408062,77.01132202,86.1328125,0.168454632,2
[후아유 - 학교 2015 OST Part 1] 타이거 JK - Reset (Feat. 진실 of Mad Soul Child),[후아유,South Korea,Korean,181.1699486,344137824,337698432,109058408,C,245.0169792,0.056152641,6.161967754,56.31529999,144.2307692,0.328691006,0
[후아유 - 학교 2015 OST Part 1] 타이거 JK - Reset (Feat. 진실 of Mad Soul Child),[후아유,South Korea,Korean,262.7748331,28107010,20654790,17312760,F,245.0169841,0.115301168,-16.76834297,71.50171661,143.5546875,0.152771637,1
[후아유 - 학교 2015 OST Part 1] 타이거 JK - Reset (Feat. 진실 of Mad Soul Child),[후아유,South Korea,Korean,285.6093085,199145872,157068608,80560728,C,245.0169841,0.04428992,1.413697124,76.98388672,143.5546875,0.171312585,2
Toto - Africa (Official HD Video),Toto,United States,English,82.91370088,84823296,79763504,46374336,C#,271.36,0.049785994,3.114789248,64.25302124,92.21311475,0.163692847,0
Toto - Africa (Official HD Video),Toto,United States,English,650.5353451,5705533,5162523,4739848.5,C#,271.36,0.290478712,-27.56203079,109.1442947,178.205819,0.065729588,1
Toto - Africa (Official HD Video),Toto,United States,English,117.2715385,63115224,53893920,42715964,C#,271.36,0.060766219,1.218895435,71.63564301,92.28515625,0.1161514,2
‘Ending Credit (with. Uhm Jung Hwa) Stage Cam’ @ 2023 Weverse Con Festival,Uhm Jung-hwa; LE SSERAFIM,South Korea,Korean,109.3950275,77727688,66042856,56027304,E,282.6565208,0.045159843,0.911265135,69.71234894,100.4464286,0.171217039,0
‘Ending Credit (with. Uhm Jung Hwa) Stage Cam’ @ 2023 Weverse Con Festival,Uhm Jung-hwa; LE SSERAFIM,South Korea,Korean,263.6360644,18428480,14358272,12092367,F#,282.6565079,0.130850952,-29.25627899,105.0122452,99.38401442,0.073563501,1
‘Ending Credit (with. Uhm Jung Hwa) Stage Cam’ @ 2023 Weverse Con Festival,Uhm Jung-hwa; LE SSERAFIM,South Korea,Korean,97.05603875,46383840,45239700,38911156,E,282.6565079,0.043124518,-1.692447901,80.90679932,99.38401442,0.114008144,2
Urban Zakapa - 소원 (Wish) [HAN_ROM_ENG Lyrics],Urban Zakapa,South Korea,Korean,115.1622545,43109972,38375456,37776492,D,236.4372083,0.04891104,0.516063392,69.14150238,137.195122,0.197423697,0
Urban Zakapa - 소원 (Wish) [HAN_ROM_ENG Lyrics],Urban Zakapa,South Korea,Korean,443.5138213,17777442,16235683,15676809,E,236.4372109,0.231567299,-23.08047295,90.03858185,129.1992188,0.104299739,1
Urban Zakapa - 소원 (Wish) [HAN_ROM_ENG Lyrics],Urban Zakapa,South Korea,Korean,140.2782814,23404568,20761480,16416876,D,236.4372109,0.028302379,-4.431273937,93.88144684,67.99958882,0.097814418,2
Westlife - Fool Again (Official Video),Westlife,Ireland,English,91.866505,42747944,40014776,37310936,F#,260.6091667,0.057854643,3.155633688,65.61370087,152.027027,0.133350119,0
Westlife - Fool Again (Official Video),Westlife,Ireland,English,258.5390612,4259565.5,3566227.25,3185215.25,E,260.6091837,0.139590143,-24.05827904,96.42493439,75.99954044,0.061593533,1
Westlife - Fool Again (Official Video),Westlife,Ireland,English,75.86105497,35603472,34522152,31857694,B,260.6091837,0.04491461,1.433242559,76.63441467,75.99954044,0.103573896,2
Westlife - When You're Looking Like That (Official HD Video),Westlife,Ireland,English,113.2138449,65375640,56373608,48189724,G#,240.1291667,0.094484255,6.591813087,48.67963791,148.0263158,0.226631343,0
Westlife - When You're Looking Like That (Official HD Video),Westlife,Ireland,English,209.6713087,9782913,9045593,7873277.5,C#,240.1291837,0.115866799,-19.01259613,73.82919312,147.65625,0.117083713,1
Westlife - When You're Looking Like That (Official HD Video),Westlife,Ireland,English,102.658268,43305912,38291316,30195928,G#,240.1291837,0.10434474,3.779408932,57.14157104,147.65625,0.134229228,2
Westlife - If I Let You Go (Official Video),Westlife,Ireland,English,98.92554157,21454446,19782124,17481708,D,218.6507083,0.081770066,2.066884518,67.1805191,92.21311475,0.109304301,0
Westlife - If I Let You Go (Official Video),Westlife,Ireland,English,246.0222473,2368076.25,2340941.5,2011442.375,F,218.6507256,0.160502019,-24.8729496,96.1887207,92.28515625,0.053332742,1
Westlife - If I Let You Go (Official Video),Westlife,Ireland,English,78.7621859,18609602,16152002,15710792,D,218.6507256,0.068716758,0.060350865,79.05401611,92.28515625,0.082997374,2
Westlife - Queen Of My Heart (Official Video),Westlife,Ireland,English,94.00624574,27007004,23022288,17580204,F#,267.9814966,0.052787385,1.878560781,72.84793091,109.9567819,0.144259393,0
Westlife - Queen Of My Heart (Official Video),Westlife,Ireland,English,265.1237314,9243418,7995219,5644970,B,267.9814966,0.111821335,-22.14873695,94.70262909,109.9567819,0.07784266,1
Westlife - Queen Of My Heart (Official Video),Westlife,Ireland,English,81.96586006,26968898,22281588,17503404,F#,267.9814966,0.043595585,-0.210074857,86.59825897,109.9567819,0.098838314,2
Westlife - World Of Our Own (Official Video),Westlife,Ireland,English,126.4521564,26697430,25122756,15614276,F,218.047,0.074434347,2.388399363,65.98078918,98.68421053,0.1317112,0
Westlife - World Of Our Own (Official Video),Westlife,Ireland,English,213.9074329,6428261,4687048,3481246.5,F,218.0470068,0.133909222,-24.15598106,90.930336,135.9991776,0.067310229,1
Westlife - World Of Our Own (Official Video),Westlife,Ireland,English,89.06767573,24417910,20049742,14813201,D#,218.0470068,0.07193,0.693132043,75.30900574,97.50884434,0.095743671,2
Westlife - Swear It Again (Official Video),Westlife,Ireland,English,111.279706,5476421.5,5272859.5,4399047,A,246.6423583,0.074385425,-4.028521061,77.57442474,65.41732595,0.073208325,0
Westlife - Swear It Again (Official Video),Westlife,Ireland,English,140.7900446,3213486.5,2007700.625,1954855,A,246.6423583,0.085517548,-24.48602676,98.79711914,129.1992188,0.046172857,1
Westlife - Swear It Again (Official Video),Westlife,Ireland,English,87.71807774,5478002.5,5257620.5,4386182,A,246.6423583,0.052679744,-6.456696033,97.04868317,65.41732595,0.045720067,2
Westlife - Flying Without Wings (Official Video),Westlife,Ireland,English,103.8447361,10648570,10220691,8658589,G#,226.301678,0.063475611,-0.721821666,75.4478302,72.78829225,0.096569024,0
Westlife - Flying Without Wings (Official Video),Westlife,Ireland,English,244.5996595,3015349.75,2995186.75,2525864,G#,226.301678,0.085740063,-24.04608154,101.2933044,147.65625,0.055547621,1
Westlife - Flying Without Wings (Official Video),Westlife,Ireland,English,79.93959505,10593391,10161986,8602689,G#,226.301678,0.040339025,-3.295741558,95.94615173,72.78829225,0.06324473,2
Westlife - My Love (Official Video),Westlife,Ireland,English,117.4356173,24822170,19837746,19133254,G,253.0975208,0.050936554,1.680769444,73.77246857,144.2307692,0.109511919,0
Westlife - My Love (Official Video),Westlife,Ireland,English,199.7574807,4455943.5,4226635.5,3293166.25,G,253.0975283,0.118944336,-23.72594833,91.47602081,143.5546875,0.059480611,1
Westlife - My Love (Official Video),Westlife,Ireland,English,73.36626414,20218096,17954676,15884569,G,253.0975283,0.035677813,-0.439810634,89.11083984,143.5546875,0.07774321,2
Zhou Xun smoking in The Equation Of Love And Death (full version),Zhou Xun,China,Chinese,134.0691074,1504135,1241196.5,808603.625,C#,178.4453542,0.059598185,-16.87822342,119.6311264,106.1320755,0.023003073,0
Zhou Xun smoking in The Equation Of Love And Death (full version),Zhou Xun,China,Chinese,302.0530039,1170650.375,885933.6875,769558.5625,C#,178.4453741,0.156641489,-29.99391174,136.9866333,105.46875,0.014886147,1
Zhou Xun smoking in The Equation Of Love And Death (full version),Zhou Xun,China,Chinese,263.0909885,609365.5625,512411.5938,294674.625,C#,178.4453741,0.09533778,-24.91734695,143.0708618,126.0480183,0.009316242,2
Time Boils The Rain(时间煮雨)-Yu KeWei(郁可唯) [Pinyin + English Lyrics],郁可唯,China,Chinese,135.5052456,83380912,72208160,65909508,C,258.4845351,0.048257056,-2.288245678,75.37360382,84.72079918,0.190240473,0
Time Boils The Rain(时间煮雨)-Yu KeWei(郁可唯) [Pinyin + English Lyrics],郁可唯,China,Chinese,410.6158998,68873440,61798160,57199300,C,258.4845351,0.216843587,-27.28982162,103.0423889,151.9990809,0.10997083,1
Time Boils The Rain(时间煮雨)-Yu KeWei(郁可唯) [Pinyin + English Lyrics],郁可唯,China,Chinese,183.0529394,74784128,55382148,44647704,C,258.4845351,0.043842415,-4.48967123,90.31588745,84.72079918,0.119645923,2
林宥嘉Yoga Lin [浪費 Unrequited] Official MV HD,林宥嘉,China,Chinese,100.4851595,43085224,39431888,38166872,F#,305.8996825,0.040725907,-1.323186636,82.26954651,139.6748311,0.150741056,0
林宥嘉Yoga Lin [浪費 Unrequited] Official MV HD,林宥嘉,China,Chinese,302.3909829,24329836,13987565,13450619,D#,305.8996825,0.142227346,-20.67037582,104.0744095,151.9990809,0.089579679,1
林宥嘉Yoga Lin [浪費 Unrequited] Official MV HD,林宥嘉,China,Chinese,100.7649245,40946900,38496684,29704614,F#,305.8996825,0.032520562,-4.599228382,97.09246063,139.6748311,0.100506142,2
【千と千尋の神隠し】木村弓 - いつも何度でも _ WADIM,木村弓,China,Chinese,152.1279757,104582960,94797264,64574020,F,329.9671667,0.021937821,-10.47854424,93.02147675,160.7142857,0.137069389,0
【千と千尋の神隠し】木村弓 - いつも何度でも _ WADIM,木村弓,China,Chinese,556.3421624,58314376,48018568,39983444,F,329.9671882,0.224343811,-31.6705265,112.4139328,132.5120192,0.08794152,1
【千と千尋の神隠し】木村弓 - いつも何度でも _ WADIM,木村弓,China,Chinese,150.9810958,34319312,14952325,13454776,F,329.9671882,0.023975705,-13.23074722,109.6382217,139.6748311,0.074159257,2
Silence Wang 汪苏泷【 A Bit Sweet 有点甜 】ft. By2,汪苏泷,China,Chinese,127.2030832,91641168,67001852,57421504,B,235.2181458,0.054515499,1.159701228,71.55692291,104.1666667,0.192800552,0
Silence Wang 汪苏泷【 A Bit Sweet 有点甜 】ft. By2,汪苏泷,China,Chinese,301.6290422,20284112,14501313,12633555,E,235.2181633,0.172622906,-24.78971481,91.53874207,103.359375,0.098520666,1
Silence Wang 汪苏泷【 A Bit Sweet 有点甜 】ft. By2,汪苏泷,China,Chinese,98.83472467,51817984,41955084,31095982,B,235.2181633,0.03469055,-2.612092733,90.98888397,105.46875,0.112225801,2
"Zac Efron, Zendaya - Rewrite The Stars (Lyrics _ Lyrics Video)",Zac Efron,United States,English,158.5106451,189706592,164064112,66816924,A#,225.0594167,0.055252101,-0.581360519,70.47361755,125,0.193490148,0
"Zac Efron, Zendaya - Rewrite The Stars (Lyrics _ Lyrics Video)",Zac Efron,United States,English,252.7760665,11712629,9254830,7334662,A#,225.0594331,0.133818381,-23.12701988,87.02680969,126.0480183,0.099046558,1
"Zac Efron, Zendaya - Rewrite The Stars (Lyrics _ Lyrics Video)",Zac Efron,United States,English,250.0370685,118917544,115419864,61394864,A#,225.0594331,0.037301076,-5.12555933,89.68637848,126.0480183,0.126155272,2
可不可以 (抖音热歌),张紫豪,China,Chinese,132.4860607,160483952,157521296,146884624,C#,240.8892083,0.034203038,5.029242992,71.34451294,133.9285714,0.293114096,0
可不可以 (抖音热歌),张紫豪,China,Chinese,334.4936911,89835128,70835696,52793824,C#,240.889229,0.165609238,-18.82410431,95.49707794,135.9991776,0.135925174,1
可不可以 (抖音热歌),张紫豪,China,Chinese,88.31199715,102488224,82029840,71121680,C#,240.889229,0.026943622,1.378138065,88.06137085,135.9991776,0.178250372,2
iKON - '사랑을 했다 (LOVE SCENARIO)' DANCE PRACTICE VIDEO,iKON,South Korea,Korean,125.5887373,72693528,63073488,56041268,D,209.6762083,0.058423977,-2.970977545,65.42449951,117.1875,0.185737789,0
iKON - '사랑을 했다 (LOVE SCENARIO)' DANCE PRACTICE VIDEO,iKON,South Korea,Korean,179.2702206,14616522,12078821,11531143,A,209.6762132,0.094695959,-15.64441013,74.89511871,117.4538352,0.121047489,1
iKON - '사랑을 했다 (LOVE SCENARIO)' DANCE PRACTICE VIDEO,iKON,South Korea,Korean,159.1727884,67360024,48547772,47678932,D,209.6762132,0.064580379,-8.449385643,87.59008789,117.4538352,0.110787578,2